Peak,Region,Type,Index (F2),Index (F1),x(F2) [ppm],x(F1) [ppm],x(F2) [Hz],x(F1) [Hz],Intensity [abs],Annotation,
46,1,AUTOMATIC,211.0,113.0,9.3712,127.3449,4690.4485,6458.5809,1456204560.00,,
45,1,AUTOMATIC,215.0,114.0,9.3482,127.2765,4678.9595,6455.1135,1448874416.00,,
6,1,AUTOMATIC,235.0,306.0,9.2334,114.1500,4621.5147,5789.3717,1060695360.00,,
41,1,AUTOMATIC,235.0,204.0,9.2334,121.1234,4621.5147,6143.0470,1378371920.00,,
33,1,AUTOMATIC,248.0,244.0,9.1588,118.3887,4584.1755,6004.3508,1338482128.00,,
9,1,AUTOMATIC,251.0,114.0,9.1416,127.2765,4575.5588,6455.1135,1090528848.00,,
59,1,AUTOMATIC,264.0,197.0,9.0670,121.6020,4538.2196,6167.3189,1700835920.00,,
24,1,AUTOMATIC,283.0,190.0,8.9580,122.0806,4483.6470,6191.5907,1275471552.00,,
37,1,AUTOMATIC,301.0,170.0,8.8547,123.4479,4431.9466,6260.9388,1357784016.00,,
35,1,AUTOMATIC,303.0,259.0,8.8432,117.3632,4426.2022,5952.3397,1343789920.00,,
12,1,AUTOMATIC,318.0,158.0,8.7571,124.2683,4383.1185,6302.5477,1152629392.00,,
36,1,AUTOMATIC,319.0,140.0,8.7514,125.4989,4380.2463,6364.9610,1354721520.00,,
40,1,AUTOMATIC,321.0,108.0,8.7399,127.6867,4374.5018,6475.9179,1376533232.00,,
39,1,AUTOMATIC,323.0,37.0,8.7284,132.5408,4368.7573,6722.1037,1363487152.00,,
23,1,AUTOMATIC,330.0,259.0,8.6883,117.3632,4348.6516,5952.3397,1266085792.00,,
22,1,AUTOMATIC,333.0,308.0,8.6711,114.0132,4340.0349,5782.4369,1262366448.00,,
14,1,AUTOMATIC,334.0,195.0,8.6653,121.7387,4337.1626,6174.2537,1170274336.00,,
49,1,AUTOMATIC,335.0,285.0,8.6596,115.5857,4334.2904,5862.1872,1483399840.00,,
5,1,AUTOMATIC,336.0,387.0,8.6538,108.6122,4331.4182,5508.5119,1041168640.00,,
19,1,AUTOMATIC,337.0,148.0,8.6481,124.9520,4328.5459,6337.2217,1242986800.00,,
61,1,AUTOMATIC,345.0,210.0,8.6022,120.7132,4305.5680,6122.2426,1728995216.00,,
8,1,AUTOMATIC,354.0,246.0,8.5505,118.2520,4279.7178,5997.4160,1089819408.00,,
18,1,AUTOMATIC,354.0,233.0,8.5505,119.1408,4279.7178,6042.4923,1226181104.00,,
57,1,AUTOMATIC,354.0,182.0,8.5505,122.6275,4279.7178,6219.3299,1650023440.00,,
79,1,AUTOMATIC,359.0,167.0,8.5219,123.6530,4265.3566,6271.3410,2738669984.00,,
4,1,AUTOMATIC,364.0,200.0,8.4932,121.3969,4250.9954,6156.9166,1016663648.00,,
55,1,AUTOMATIC,364.0,234.0,8.4932,119.0724,4250.9954,6039.0249,1556314512.00,,
58,1,AUTOMATIC,364.0,314.0,8.4932,113.6030,4250.9954,5761.6324,1695445424.00,,
26,1,AUTOMATIC,367.0,137.0,8.4759,125.7040,4242.3786,6375.3632,1290046384.00,,
53,1,AUTOMATIC,369.0,383.0,8.4645,108.8857,4236.6341,5522.3815,1547392656.00,,
7,1,AUTOMATIC,370.0,178.0,8.4587,122.9010,4233.7619,6233.1996,1079301344.00,,
66,1,AUTOMATIC,373.0,213.0,8.4415,120.5081,4225.1452,6111.8404,1957124272.00,,
43,1,AUTOMATIC,378.0,315.0,8.4128,113.5346,4210.7840,5758.1650,1423475136.00,,
83,1,AUTOMATIC,379.0,352.0,8.4071,111.0051,4207.9117,5629.8710,3192383632.00,,
11,1,AUTOMATIC,388.0,175.0,8.3554,123.1061,4182.0615,6243.6018,1092356736.00,,
77,1,AUTOMATIC,390.0,195.0,8.3440,121.7387,4176.3170,6174.2537,2684012144.00,,
74,1,AUTOMATIC,400.0,155.0,8.2866,124.4734,4147.5946,6312.9499,2569790848.00,,
13,1,AUTOMATIC,409.0,287.0,8.2349,115.4489,4121.7444,5855.2524,1160451984.00,,
17,1,AUTOMATIC,411.0,200.0,8.2234,121.3969,4116.0000,6156.9166,1175446960.00,,
54,1,AUTOMATIC,429.0,216.0,8.1202,120.3030,4064.2996,6101.4382,1550881968.00,,
27,1,AUTOMATIC,432.0,474.0,8.1029,102.6642,4055.6829,5206.8476,1300448224.00,,
56,1,AUTOMATIC,432.0,170.0,8.1029,123.4479,4055.6829,6260.9388,1630982768.00,,
34,1,AUTOMATIC,435.0,278.0,8.0857,116.0642,4047.0661,5886.4590,1342558912.00,,
52,1,AUTOMATIC,435.0,186.0,8.0857,122.3540,4047.0661,6205.4603,1531649792.00,,
10,1,AUTOMATIC,438.0,248.0,8.0685,118.1153,4038.4494,5990.4812,1091422576.00,,
42,1,AUTOMATIC,449.0,192.0,8.0054,121.9438,4006.8547,6184.6559,1385952656.00,,
65,1,AUTOMATIC,454.0,166.0,7.9767,123.7214,3992.4935,6274.8084,1844688688.00,,
47,1,AUTOMATIC,457.0,226.0,7.9595,119.6193,3983.8768,6066.7641,1467633744.00,,
48,1,AUTOMATIC,466.0,194.0,7.9078,121.8071,3958.0266,6177.7211,1468584080.00,,
85,1,AUTOMATIC,470.0,295.0,7.8849,114.9020,3946.5376,5827.5131,3785589920.00,,
28,1,AUTOMATIC,472.0,156.0,7.8734,124.4051,3940.7932,6309.4825,1302643584.00,,
25,1,AUTOMATIC,474.0,209.0,7.8619,120.7816,3935.0487,6125.7100,1288044720.00,,
21,1,AUTOMATIC,476.0,381.0,7.8504,109.0224,3929.3042,5529.3163,1248237472.00,,
38,1,AUTOMATIC,488.0,218.0,7.7816,120.1663,3894.8373,6094.5033,1363204128.00,,
29,1,AUTOMATIC,492.0,264.0,7.7586,117.0214,3883.3483,5935.0027,1304870176.00,,
72,1,AUTOMATIC,494.0,369.0,7.7472,109.8428,3877.6038,5570.9252,2385194512.00,,
69,1,AUTOMATIC,495.0,379.0,7.7414,109.1591,3874.7316,5536.2511,2213375408.00,,
20,1,AUTOMATIC,518.0,293.0,7.6094,115.0387,3808.6700,5834.4480,1246286576.00,,
75,1,AUTOMATIC,518.0,333.0,7.6094,112.3040,3808.6700,5695.7517,2582914480.00,,
73,1,AUTOMATIC,523.0,351.0,7.5807,111.0734,3794.3088,5633.3385,2520172768.00,,
78,1,AUTOMATIC,523.0,333.0,7.5807,112.3040,3794.3088,5695.7517,2696635088.00,,
81,1,AUTOMATIC,523.0,364.0,7.5807,110.1846,3794.3088,5588.2622,2945954928.00,,
32,1,AUTOMATIC,525.0,148.0,7.5693,124.9520,3788.5643,6337.2217,1329377152.00,,
64,1,AUTOMATIC,525.0,428.0,7.5693,105.8091,3788.5643,5366.3483,1833316672.00,,
84,1,AUTOMATIC,542.0,345.0,7.4717,111.4836,3739.7362,5654.1429,3247435648.00,,
31,1,AUTOMATIC,551.0,250.0,7.4201,117.9785,3713.8860,5983.5464,1318731344.00,,
30,1,AUTOMATIC,555.0,230.0,7.3971,119.3459,3702.3970,6052.8945,1306577344.00,,
63,1,AUTOMATIC,561.0,288.0,7.3627,115.3806,3685.1636,5851.7850,1821533664.00,,
67,1,AUTOMATIC,585.0,193.0,7.2249,121.8755,3616.2297,6181.1885,1960813360.00,,
82,1,AUTOMATIC,587.0,331.0,7.2135,112.4408,3610.4852,5702.6866,3008702464.00,,
16,1,AUTOMATIC,592.0,237.0,7.1848,118.8673,3596.1240,6028.6226,1172721264.00,,
15,1,AUTOMATIC,593.0,283.0,7.1790,115.7224,3593.2518,5869.1220,1172302656.00,,
71,1,AUTOMATIC,596.0,227.0,7.1618,119.5510,3584.6351,6063.2967,2248424864.00,,
50,1,AUTOMATIC,606.0,231.0,7.1044,119.2775,3555.9126,6049.4271,1502497776.00,,
60,1,AUTOMATIC,620.0,231.0,7.0241,119.2775,3515.7012,6049.4271,1720099792.00,,
51,1,AUTOMATIC,629.0,462.0,6.9725,103.4846,3489.8511,5248.4565,1527076320.00,,
62,1,AUTOMATIC,631.0,219.0,6.9610,120.0979,3484.1066,6091.0359,1757616624.00,,
3,1,AUTOMATIC,648.0,370.0,6.8634,109.7744,3435.2784,5567.4578,725335344.00,,
68,1,AUTOMATIC,655.0,368.0,6.8232,109.9112,3415.1727,5574.3926,2001030832.00,,
80,1,AUTOMATIC,668.0,345.0,6.7486,111.4836,3377.8336,5654.1429,2910709888.00,,
76,1,AUTOMATIC,669.0,364.0,6.7429,110.1846,3374.9613,5588.2622,2592121184.00,,
86,1,AUTOMATIC,669.0,332.0,6.7429,112.3724,3374.9613,5699.2192,4665129040.00,,
70,1,AUTOMATIC,680.0,351.0,6.6798,111.0734,3343.3667,5633.3385,2230636704.00,,
2,1,AUTOMATIC,722.0,449.0,6.4388,104.3734,3222.7325,5293.5327,720411456.00,,
1,1,AUTOMATIC,776.0,449.0,6.1289,104.3734,3067.6314,5293.5327,666280096.00,,
44,1,AUTOMATIC,786.0,217.0,6.0715,120.2346,3038.9090,6097.9708,1425128112.00,,
